competition_name,fixture.id,fixture.referee,fixture.timezone,fixture.date,fixture.timestamp,fixture.periods.first,fixture.periods.second,fixture.venue.id,fixture.venue.name,fixture.venue.city,fixture.status.long,fixture.status.short,fixture.status.elapsed,fixture.status.extra,league.id,league.name,league.country,league.logo,league.flag,league.season,league.round,league.standings,teams.home.id,teams.home.name,teams.home.logo,teams.home.winner,teams.away.id,teams.away.name,teams.away.logo,teams.away.winner,goals.home,goals.away,score.halftime.home,score.halftime.away,score.fulltime.home,score.fulltime.away,score.extratime.home,score.extratime.away,score.penalty.home,score.penalty.away
Europa League,1104954,H. Feșnic,UTC,2023-08-08T14:00:00+00:00,1691503200,1691503200,1691506800,989.0,Astana Arena,Astana,Match Finished,FT,90,,3,UEFA Europa League,World,https://media.api-sports.io/football/leagues/3.png,,2023,3rd Qualifying Round,True,562,FC Astana,https://media.api-sports.io/football/teams/562.png,True,566,Ludogorets,https://media.api-sports.io/football/teams/566.png,False,2,1,1,1,2,1,,,,
Europa League,1104956,R. Reinshreiber,UTC,2023-08-10T16:00:00+00:00,1691683200,1691683200,1691686800,5799.0,Tofiq Bəhramov adına Respublika stadionu,Baku,Match Finished,FT,90,,3,UEFA Europa League,World,https://media.api-sports.io/football/leagues/3.png,,2023,3rd Qualifying Round,True,556,Qarabag,https://media.api-sports.io/football/teams/556.png,True,649,HJK helsinki,https://media.api-sports.io/football/teams/649.png,False,2,1,0,0,2,1,,,,
Europa League,1104958,M. Balakin,UTC,2023-08-10T16:00:00+00:00,1691683200,1691683200,1691686800,1030.0,Vilniaus LFF stadionas,Vilnius,Match Finished,FT,90,,3,UEFA Europa League,World,https://media.api-sports.io/football/leagues/3.png,,2023,3rd Qualifying Round,True,586,FK Zalgiris Vilnius,https://media.api-sports.io/football/teams/586.png,False,367,BK Hacken,https://media.api-sports.io/football/teams/367.png,True,1,3,0,1,1,3,,,,
Europa League,1104377,L. Visser,UTC,2023-08-10T17:00:00+00:00,1691686800,1691686800,1691690400,18856.0,Fortuna Arena,Praha,Match Finished,FT,90,,3,UEFA Europa League,World,https://media.api-sports.io/football/leagues/3.png,,2023,3rd Qualifying Round,True,560,Slavia Praha,https://media.api-sports.io/football/teams/560.png,True,3623,Dnipro-1,https://media.api-sports.io/football/teams/3623.png,False,3,0,2,0,3,0,,,,
Europa League,1104960,M. Al Hakim,UTC,2023-08-10T17:00:00+00:00,1691686800,1691686800,1691690400,1093.0,Bolshaya Sportivnaya Arena,Tiraspol,Match Finished,FT,90,,3,UEFA Europa League,World,https://media.api-sports.io/football/leagues/3.png,,2023,3rd Qualifying Round,True,568,Sheriff Tiraspol,https://media.api-sports.io/football/teams/568.png,True,388,Bate Borisov,https://media.api-sports.io/football/teams/388.png,False,5,1,2,0,5,1,,,,
Europa League,1104964,G. Nyberg,UTC,2023-08-10T19:00:00+00:00,1691694000,1691694000,1691697600,,Stadio Georgios Karaiskáki,Piraeus,Match Finished,FT,90,,3,UEFA Europa League,World,https://media.api-sports.io/football/leagues/3.png,,2023,3rd Qualifying Round,True,553,Olympiakos Piraeus,https://media.api-sports.io/football/teams/553.png,True,742,Genk,https://media.api-sports.io/football/teams/742.png,False,1,0,1,0,1,0,,,,
Europa League,1104962,N. Walsh,UTC,2023-08-10T19:00:00+00:00,1691694000,1691694000,1691697600,202.0,Stadion Bijeli Brijeg,Mostar,Match Finished,FT,90,,3,UEFA Europa League,World,https://media.api-sports.io/football/leagues/3.png,,2023,3rd Qualifying Round,True,588,Zrinjski,https://media.api-sports.io/football/teams/588.png,True,276,Breidablik,https://media.api-sports.io/football/teams/276.png,False,6,2,5,0,6,2,,,,
Europa League,1104957,W. Delajod,UTC,2023-08-17T16:00:00+00:00,1692288000,1692288000,1692291600,615.0,Bolt Arena,Helsinki,Match Finished,FT,90,,3,UEFA Europa League,World,https://media.api-sports.io/football/leagues/3.png,,2023,3rd Qualifying Round,True,649,HJK helsinki,https://media.api-sports.io/football/teams/649.png,False,556,Qarabag,https://media.api-sports.io/football/teams/556.png,True,1,2,1,1,1,2,,,,
Europa League,1104959,António Nobre,UTC,2023-08-17T17:00:00+00:00,1692291600,1692291600,1692295200,1511.0,Bravida Arena,Göteborg,Match Finished,FT,90,,3,UEFA Europa League,World,https://media.api-sports.io/football/leagues/3.png,,2023,3rd Qualifying Round,True,367,BK Hacken,https://media.api-sports.io/football/teams/367.png,True,586,FK Zalgiris Vilnius,https://media.api-sports.io/football/teams/586.png,False,5,0,1,0,5,0,,,,
Europa League,1104963,A. Papapetrou,UTC,2023-08-17T17:30:00+00:00,1692293400,1692293400,1692297000,820.0,Kópavogsvöllur,Kópavogur,Match Finished,FT,90,,3,UEFA Europa League,World,https://media.api-sports.io/football/leagues/3.png,,2023,3rd Qualifying Round,True,276,Breidablik,https://media.api-sports.io/football/teams/276.png,True,588,Zrinjski,https://media.api-sports.io/football/teams/588.png,False,1,0,0,0,1,0,,,,
Europa League,1104961,T. Bognár,UTC,2023-08-17T18:00:00+00:00,1692295200,1692295200,1692298800,,Borisov Arena,Borisov,Match Finished,FT,90,,3,UEFA Europa League,World,https://media.api-sports.io/football/leagues/3.png,,2023,3rd Qualifying Round,True,388,Bate Borisov,https://media.api-sports.io/football/teams/388.png,,568,Sheriff Tiraspol,https://media.api-sports.io/football/teams/568.png,,2,2,1,2,2,2,,,,
Europa League,1104955,A. Taylor,UTC,2023-08-17T18:00:00+00:00,1692295200,1692295200,1692298800,10547.0,Huvepharma Arena,Razgrad,Match Finished,FT,90,,3,UEFA Europa League,World,https://media.api-sports.io/football/leagues/3.png,,2023,3rd Qualifying Round,True,566,Ludogorets,https://media.api-sports.io/football/teams/566.png,True,562,FC Astana,https://media.api-sports.io/football/teams/562.png,False,5,1,1,1,5,1,,,,
Europa League,1104965,T. Stieler,UTC,2023-08-17T18:00:00+00:00,1692295200,1692295200,1692298800,12455.0,Cegeka Arena,Genk,Match Finished,FT,90,,3,UEFA Europa League,World,https://media.api-sports.io/football/leagues/3.png,,2023,3rd Qualifying Round,True,742,Genk,https://media.api-sports.io/football/teams/742.png,,553,Olympiakos Piraeus,https://media.api-sports.io/football/teams/553.png,,1,1,1,0,1,1,,,,
Europa League,1104378,Jesús Gil,UTC,2023-08-17T18:00:00+00:00,1692295200,1692295200,1692298800,18644.0,Košická futbalová aréna,Košice,Match Finished,FT,90,,3,UEFA Europa League,World,https://media.api-sports.io/football/leagues/3.png,,2023,3rd Qualifying Round,True,3623,Dnipro-1,https://media.api-sports.io/football/teams/3623.png,,560,Slavia Praha,https://media.api-sports.io/football/teams/560.png,,1,1,1,0,1,1,,,,
Europa League,1119758,F. Glova,UTC,2023-08-24T17:00:00+00:00,1692896400,1692896400,1692900000,1511.0,Bravida Arena,Göteborg,Match Finished,FT,90,,3,UEFA Europa League,World,https://media.api-sports.io/football/leagues/3.png,,2023,Play-offs,True,367,BK Hacken,https://media.api-sports.io/football/teams/367.png,,252,Aberdeen,https://media.api-sports.io/football/teams/252.png,,2,2,1,0,2,2,,,,
Europa League,1119750,K. Tohver,UTC,2023-08-24T17:00:00+00:00,1692896400,1692896400,1692900000,18856.0,Fortuna Arena,Praha,Match Finished,FT,90,,3,UEFA Europa League,World,https://media.api-sports.io/football/leagues/3.png,,2023,Play-offs,True,560,Slavia Praha,https://media.api-sports.io/football/teams/560.png,True,599,Zorya Luhansk,https://media.api-sports.io/football/teams/599.png,False,2,0,0,0,2,0,,,,
Europa League,1119754,M. Di Bello,UTC,2023-08-24T18:00:00+00:00,1692900000,1692900000,1692903600,10547.0,Huvepharma Arena,Razgrad,Match Finished,FT,90,,3,UEFA Europa League,World,https://media.api-sports.io/football/leagues/3.png,,2023,Play-offs,True,566,Ludogorets,https://media.api-sports.io/football/teams/566.png,False,194,Ajax,https://media.api-sports.io/football/teams/194.png,True,1,4,0,3,1,4,,,,
Europa League,1121133,M. Guida,UTC,2023-08-24T18:00:00+00:00,1692900000,1692900000,1692903600,412.0,Stadion Maksimir,Zagreb,Match Finished,FT,90,,3,UEFA Europa League,World,https://media.api-sports.io/football/leagues/3.png,,2023,Play-offs,True,620,Dinamo Zagreb,https://media.api-sports.io/football/teams/620.png,True,628,Sparta Praha,https://media.api-sports.io/football/teams/628.png,False,3,1,1,1,3,1,,,,
Europa League,1119762,G. Kabakov,UTC,2023-08-24T18:00:00+00:00,1692900000,1692900000,1692903600,1442.0,Stadion Stožice,Ljubljana,Match Finished,FT,90,,3,UEFA Europa League,World,https://media.api-sports.io/football/leagues/3.png,,2023,Play-offs,True,677,Olimpija Ljubljana,https://media.api-sports.io/football/teams/677.png,False,556,Qarabag,https://media.api-sports.io/football/teams/556.png,True,0,2,0,2,0,2,,,,
Europa League,1119627,W. Collum,UTC,2023-08-24T18:30:00+00:00,1692901800,1692901800,1692905400,11914.0,Štadión Tehelné pole,Bratislava,Match Finished,FT,90,,3,UEFA Europa League,World,https://media.api-sports.io/football/leagues/3.png,,2023,Play-offs,True,656,Slovan Bratislava,https://media.api-sports.io/football/teams/656.png,True,3408,Aris,https://media.api-sports.io/football/teams/3408.png,False,2,1,1,0,2,1,,,,
Europa League,1113479,E. Jorgji,UTC,2023-08-24T18:30:00+00:00,1692901800,1692901800,1692905400,,Lotto Park,Brussel,Match Finished,FT,90,,3,UEFA Europa League,World,https://media.api-sports.io/football/leagues/3.png,,2023,Play-offs,True,1393,Union St. Gilloise,https://media.api-sports.io/football/teams/1393.png,True,606,FC Lugano,https://media.api-sports.io/football/teams/606.png,False,2,0,1,0,2,0,,,,
Europa League,1119760,R. Obrenović,UTC,2023-08-24T18:45:00+00:00,1692902700,1692902700,1692906300,2609.0,Tórsvøllur,"Tórshavn, Streymoy",Match Finished,FT,90,,3,UEFA Europa League,World,https://media.api-sports.io/football/leagues/3.png,,2023,Play-offs,True,701,KI Klaksvik,https://media.api-sports.io/football/teams/701.png,,568,Sheriff Tiraspol,https://media.api-sports.io/football/teams/568.png,,1,1,0,0,1,1,,,,
Europa League,1119752,D. Rumšas,UTC,2023-08-24T19:00:00+00:00,1692903600,1692903600,1692907200,,Stadio Georgios Karaiskáki,Piraeus,Match Finished,FT,90,,3,UEFA Europa League,World,https://media.api-sports.io/football/leagues/3.png,,2023,Play-offs,True,553,Olympiakos Piraeus,https://media.api-sports.io/football/teams/553.png,True,2656,Cukaricki,https://media.api-sports.io/football/teams/2656.png,False,3,1,3,0,3,1,,,,
Europa League,1119756,O. Grinfeeld,UTC,2023-08-24T19:00:00+00:00,1692903600,1692903600,1692907200,,Raiffeisen Arena,Linz,Match Finished,FT,90,,3,UEFA Europa League,World,https://media.api-sports.io/football/leagues/3.png,,2023,Play-offs,True,1026,Lask Linz,https://media.api-sports.io/football/teams/1026.png,True,588,Zrinjski,https://media.api-sports.io/football/teams/588.png,False,2,1,2,0,2,1,,,,
Europa League,1119763,Alejandro Hernández,UTC,2023-08-31T16:00:00+00:00,1693497600,1693497600,1693501200,5799.0,Tofiq Bəhramov adına Respublika stadionu,Baku,Match Finished,FT,90,,3,UEFA Europa League,World,https://media.api-sports.io/football/leagues/3.png,,2023,Play-offs,True,556,Qarabag,https://media.api-sports.io/football/teams/556.png,,677,Olimpija Ljubljana,https://media.api-sports.io/football/teams/677.png,,1,1,1,1,1,1,,,,
Europa League,1119761,H. Meler,UTC,2023-08-31T17:00:00+00:00,1693501200,1693501200,1693504800,1093.0,Bolshaya Sportivnaya Arena,Tiraspol,Match Finished,FT,90,,3,UEFA Europa League,World,https://media.api-sports.io/football/leagues/3.png,,2023,Play-offs,True,568,Sheriff Tiraspol,https://media.api-sports.io/football/teams/568.png,True,701,KI Klaksvik,https://media.api-sports.io/football/teams/701.png,False,2,1,1,1,2,1,,,,
Europa League,1119751,J. Brisard,UTC,2023-08-31T17:00:00+00:00,1693501200,1693501200,1693504800,11992.0,Arena Lublin,Lublin,Match Finished,FT,90,,3,UEFA Europa League,World,https://media.api-sports.io/football/leagues/3.png,,2023,Play-offs,True,599,Zorya Luhansk,https://media.api-sports.io/football/teams/599.png,True,560,Slavia Praha,https://media.api-sports.io/football/teams/560.png,False,2,1,2,0,2,1,,,,
Europa League,1121134,T. Stieler,UTC,2023-08-31T17:00:00+00:00,1693501200,1693501200,1693504800,19513.0,epet ARENA,Praha,Match Finished,FT,90,,3,UEFA Europa League,World,https://media.api-sports.io/football/leagues/3.png,,2023,Play-offs,True,628,Sparta Praha,https://media.api-sports.io/football/teams/628.png,True,620,Dinamo Zagreb,https://media.api-sports.io/football/teams/620.png,False,4,1,2,0,4,1,,,,
Europa League,1119628,E. Lambrechts,UTC,2023-08-31T17:00:00+00:00,1693501200,1693501200,1693504800,19616.0,Alphamega Stadium,Kolossi,Match Finished,FT,90,,3,UEFA Europa League,World,https://media.api-sports.io/football/leagues/3.png,,2023,Play-offs,True,3408,Aris,https://media.api-sports.io/football/teams/3408.png,True,656,Slovan Bratislava,https://media.api-sports.io/football/teams/656.png,False,6,2,3,1,6,2,,,,
Europa League,1119755,I. Kružliak,UTC,2023-08-31T18:00:00+00:00,1693504800,1693504800,1693508400,1117.0,Johan Cruijff Arena,Amsterdam,Match Finished,FT,90,,3,UEFA Europa League,World,https://media.api-sports.io/football/leagues/3.png,,2023,Play-offs,True,194,Ajax,https://media.api-sports.io/football/teams/194.png,False,566,Ludogorets,https://media.api-sports.io/football/teams/566.png,True,0,1,0,0,0,1,,,,
Europa League,1119753,D. Makkelie,UTC,2023-08-31T18:00:00+00:00,1693504800,1693504800,1693508400,,Gradski stadion Dubočica,Leskovac,Match Finished,FT,90,,3,UEFA Europa League,World,https://media.api-sports.io/football/leagues/3.png,,2023,Play-offs,True,2656,Cukaricki,https://media.api-sports.io/football/teams/2656.png,False,553,Olympiakos Piraeus,https://media.api-sports.io/football/teams/553.png,True,0,3,0,2,0,3,,,,
Europa League,1113480,H. Osmers,UTC,2023-08-31T18:30:00+00:00,1693506600,1693506600,1693510200,,Stade de Genève,Lancy,Match Finished,FT,90,,3,UEFA Europa League,World,https://media.api-sports.io/football/leagues/3.png,,2023,Play-offs,True,606,FC Lugano,https://media.api-sports.io/football/teams/606.png,False,1393,Union St. Gilloise,https://media.api-sports.io/football/teams/1393.png,True,0,1,0,1,0,1,,,,
Europa League,1119759,D. Siebert,UTC,2023-08-31T18:45:00+00:00,1693507500,1693507500,1693511100,1383.0,Pittodrie Stadium,Aberdeen,Match Finished,FT,90,,3,UEFA Europa League,World,https://media.api-sports.io/football/leagues/3.png,,2023,Play-offs,True,252,Aberdeen,https://media.api-sports.io/football/teams/252.png,False,367,BK Hacken,https://media.api-sports.io/football/teams/367.png,True,1,3,0,2,1,3,,,,
Europa League,1119757,Tiago Martins,UTC,2023-08-31T19:00:00+00:00,1693508400,1693508400,1693512000,202.0,Stadion Bijeli Brijeg,Mostar,Match Finished,FT,90,,3,UEFA Europa League,World,https://media.api-sports.io/football/leagues/3.png,,2023,Play-offs,True,588,Zrinjski,https://media.api-sports.io/football/teams/588.png,,1026,Lask Linz,https://media.api-sports.io/football/teams/1026.png,,1,1,1,0,1,1,,,,
Europa League,1126339,H. Osmers,UTC,2023-09-21T16:45:00+00:00,1695314700,1695314700,1695318300,680.0,Roazhon Park,Rennes,Match Finished,FT,90,,3,UEFA Europa League,World,https://media.api-sports.io/football/leagues/3.png,,2023,Group Stage - 1,True,94,Rennes,https://media.api-sports.io/football/teams/94.png,True,4195,Maccabi Haifa,https://media.api-sports.io/football/teams/4195.png,False,3,0,2,0,3,0,,,,
Europa League,1126342,M. Lukjančukas,UTC,2023-09-21T16:45:00+00:00,1695314700,1695314700,1695318300,699.0,BayArena,Leverkusen,Match Finished,FT,90,,3,UEFA Europa League,World,https://media.api-sports.io/football/leagues/3.png,,2023,Group Stage - 1,True,168,Bayer Leverkusen,https://media.api-sports.io/football/teams/168.png,True,367,BK Hacken,https://media.api-sports.io/football/teams/367.png,False,4,0,2,0,4,0,,,,
Europa League,1126343,J. Beaton,UTC,2023-09-21T16:45:00+00:00,1695314700,1695314700,1695318300,5799.0,Tofiq Bəhramov adına Respublika stadionu,Baku,Match Finished,FT,90,,3,UEFA Europa League,World,https://media.api-sports.io/football/leagues/3.png,,2023,Group Stage - 1,True,556,Qarabag,https://media.api-sports.io/football/teams/556.png,True,329,Molde,https://media.api-sports.io/football/teams/329.png,False,1,0,0,0,1,0,,,,
Europa League,1126341,A. Treimanis,UTC,2023-09-21T16:45:00+00:00,1695314700,1695314700,1695318300,1093.0,Bolshaya Sportivnaya Arena,Tiraspol,Match Finished,FT,90,,3,UEFA Europa League,World,https://media.api-sports.io/football/leagues/3.png,,2023,Group Stage - 1,True,568,Sheriff Tiraspol,https://media.api-sports.io/football/teams/568.png,False,497,AS Roma,https://media.api-sports.io/football/teams/497.png,True,1,2,0,1,1,2,,,,
Europa League,1126338,C. Pawson,UTC,2023-09-21T16:45:00+00:00,1695314700,1695314700,1695318300,,Olympiako Stadio Spyros Louis,Athens,Match Finished,FT,90,,3,UEFA Europa League,World,https://media.api-sports.io/football/leagues/3.png,,2023,Group Stage - 1,True,617,Panathinaikos,https://media.api-sports.io/football/teams/617.png,True,533,Villarreal,https://media.api-sports.io/football/teams/533.png,False,2,0,1,0,2,0,,,,
Europa League,1126337,M. Di Bello,UTC,2023-09-21T16:45:00+00:00,1695314700,1695314700,1695318300,,Raiffeisen Arena,Linz,Match Finished,FT,90,,3,UEFA Europa League,World,https://media.api-sports.io/football/leagues/3.png,,2023,Group Stage - 1,True,1026,Lask Linz,https://media.api-sports.io/football/teams/1026.png,False,40,Liverpool,https://media.api-sports.io/football/teams/40.png,True,1,3,1,0,1,3,,,,
Europa League,1126336,R. Saggi,UTC,2023-09-21T16:45:00+00:00,1695314700,1695314700,1695318300,,Lotto Park,Brussel,Match Finished,FT,90,,3,UEFA Europa League,World,https://media.api-sports.io/football/leagues/3.png,,2023,Group Stage - 1,True,1393,Union St. Gilloise,https://media.api-sports.io/football/teams/1393.png,,96,Toulouse,https://media.api-sports.io/football/teams/96.png,,1,1,0,1,1,1,,,,
Europa League,1126340,G. Kruashvili,UTC,2023-09-21T16:45:00+00:00,1695314700,1695314700,1695318300,,Stade de Genève,Lancy,Match Finished,FT,90,,3,UEFA Europa League,World,https://media.api-sports.io/football/leagues/3.png,,2023,Group Stage - 1,True,2184,Servette FC,https://media.api-sports.io/football/teams/2184.png,False,560,Slavia Praha,https://media.api-sports.io/football/teams/560.png,True,0,2,0,1,0,2,,,,
Europa League,1126344,F. Glova,UTC,2023-09-21T19:00:00+00:00,1695322800,1695322800,1695326400,598.0,London Stadium,London,Match Finished,FT,90,,3,UEFA Europa League,World,https://media.api-sports.io/football/leagues/3.png,,2023,Group Stage - 1,True,48,West Ham,https://media.api-sports.io/football/teams/48.png,True,2646,TSC Backa Topola,https://media.api-sports.io/football/teams/2646.png,False,3,1,0,0,3,1,,,,
Europa League,1126347,K. Tohver,UTC,2023-09-21T19:00:00+00:00,1695322800,1695322800,1695326400,,American Express Stadium,"Falmer, East Sussex",Match Finished,FT,90,,3,UEFA Europa League,World,https://media.api-sports.io/football/leagues/3.png,,2023,Group Stage - 1,True,51,Brighton,https://media.api-sports.io/football/teams/51.png,False,575,AEK Athens FC,https://media.api-sports.io/football/teams/575.png,True,2,3,1,2,2,3,,,,
Europa League,1126346,M. Mariani,UTC,2023-09-21T19:00:00+00:00,1695322800,1695322800,1695326400,1117.0,Johan Cruijff Arena,Amsterdam,Match Finished,FT,90,,3,UEFA Europa League,World,https://media.api-sports.io/football/leagues/3.png,,2023,Group Stage - 1,True,194,Ajax,https://media.api-sports.io/football/teams/194.png,,81,Marseille,https://media.api-sports.io/football/teams/81.png,,3,3,2,2,3,3,,,,
Europa League,1126349,L. Visser,UTC,2023-09-21T19:00:00+00:00,1695322800,1695322800,1695326400,1401.0,Ibrox Stadium,Glasgow,Match Finished,FT,90,,3,UEFA Europa League,World,https://media.api-sports.io/football/leagues/3.png,,2023,Group Stage - 1,True,257,Rangers,https://media.api-sports.io/football/teams/257.png,True,543,Real Betis,https://media.api-sports.io/football/teams/543.png,False,1,0,0,0,1,0,,,,
Europa League,1126350,R. Reinshreiber,UTC,2023-09-21T19:00:00+00:00,1695322800,1695322800,1695326400,879.0,Gewiss Stadium,Bergamo,Match Finished,FT,90,,3,UEFA Europa League,World,https://media.api-sports.io/football/leagues/3.png,,2023,Group Stage - 1,True,499,Atalanta,https://media.api-sports.io/football/teams/499.png,True,3491,Raków Częstochowa,https://media.api-sports.io/football/teams/3491.png,False,2,0,0,0,2,0,,,,
Europa League,1126345,A. Lindhout,UTC,2023-09-21T19:00:00+00:00,1695322800,1695322800,1695326400,,Stadio Georgios Karaiskáki,Piraeus,Match Finished,FT,90,,3,UEFA Europa League,World,https://media.api-sports.io/football/leagues/3.png,,2023,Group Stage - 1,True,553,Olympiakos Piraeus,https://media.api-sports.io/football/teams/553.png,False,160,SC Freiburg,https://media.api-sports.io/football/teams/160.png,True,2,3,1,2,2,3,,,,
Europa League,1126348,J. Brisard,UTC,2023-09-21T19:00:00+00:00,1695322800,1695322800,1695326400,19513.0,epet ARENA,Praha,Match Finished,FT,90,,3,UEFA Europa League,World,https://media.api-sports.io/football/leagues/3.png,,2023,Group Stage - 1,True,628,Sparta Praha,https://media.api-sports.io/football/teams/628.png,True,3408,Aris,https://media.api-sports.io/football/teams/3408.png,False,3,2,2,1,3,2,,,,
Europa League,1126351,N. Dabanović,UTC,2023-09-21T19:00:00+00:00,1695322800,1695322800,1695326400,150.0,Merkur Arena,Graz,Match Finished,FT,90,,3,UEFA Europa League,World,https://media.api-sports.io/football/leagues/3.png,,2023,Group Stage - 1,True,637,Sturm Graz,https://media.api-sports.io/football/teams/637.png,False,228,Sporting CP,https://media.api-sports.io/football/teams/228.png,True,1,2,0,0,1,2,,,,
Europa League,1126354,M. Balakin,UTC,2023-10-05T16:45:00+00:00,1696524300,1696524300,1696527900,667.0,Orange Vélodrome,Marseille,Match Finished,FT,90,,3,UEFA Europa League,World,https://media.api-sports.io/football/leagues/3.png,,2023,Group Stage - 2,True,81,Marseille,https://media.api-sports.io/football/teams/81.png,,51,Brighton,https://media.api-sports.io/football/teams/51.png,,2,2,2,0,2,2,,,,
Europa League,1126352,M. Al Hakim,UTC,2023-10-05T16:45:00+00:00,1696524300,1696524300,1696527900,12717.0,Europa-Park Stadion,Freiburg im Breisgau,Match Finished,FT,90,,3,UEFA Europa League,World,https://media.api-sports.io/football/leagues/3.png,,2023,Group Stage - 2,True,160,SC Freiburg,https://media.api-sports.io/football/teams/160.png,False,48,West Ham,https://media.api-sports.io/football/teams/48.png,True,1,2,0,1,1,2,,,,
Europa League,1126358,Alejandro Hernández,UTC,2023-10-05T16:45:00+00:00,1696524300,1696524300,1696527900,1293.0,Estádio José Alvalade,Lisboa,Match Finished,FT,90,,3,UEFA Europa League,World,https://media.api-sports.io/football/leagues/3.png,,2023,Group Stage - 2,True,228,Sporting CP,https://media.api-sports.io/football/teams/228.png,False,499,Atalanta,https://media.api-sports.io/football/teams/499.png,True,1,2,0,2,1,2,,,,
Europa League,1126356,D. Strukan,UTC,2023-10-05T16:45:00+00:00,1696524300,1696524300,1696527900,1489.0,Estadio Benito Villamarín,Sevilla,Match Finished,FT,90,,3,UEFA Europa League,World,https://media.api-sports.io/football/leagues/3.png,,2023,Group Stage - 2,True,543,Real Betis,https://media.api-sports.io/football/teams/543.png,True,628,Sparta Praha,https://media.api-sports.io/football/teams/628.png,False,2,1,1,1,2,1,,,,
Europa League,1126355,M. Jug,UTC,2023-10-05T16:45:00+00:00,1696524300,1696524300,1696527900,,OPAP Arena,Athens,Match Finished,FT,90,,3,UEFA Europa League,World,https://media.api-sports.io/football/leagues/3.png,,2023,Group Stage - 2,True,575,AEK Athens FC,https://media.api-sports.io/football/teams/575.png,,194,Ajax,https://media.api-sports.io/football/teams/194.png,,1,1,0,1,1,1,,,,
Europa League,1126353,B. Bastien,UTC,2023-10-05T16:45:00+00:00,1696524300,1696524300,1696527900,18679.0,TSC Arena,Bačka Topola,Match Finished,FT,90,,3,UEFA Europa League,World,https://media.api-sports.io/football/leagues/3.png,,2023,Group Stage - 2,True,2646,TSC Backa Topola,https://media.api-sports.io/football/teams/2646.png,,553,Olympiakos Piraeus,https://media.api-sports.io/football/teams/553.png,,2,2,0,1,2,2,,,,
Europa League,1126357,H. Feșnic,UTC,2023-10-05T16:45:00+00:00,1696524300,1696524300,1696527900,19616.0,Alphamega Stadium,Kolossi,Match Finished,FT,90,,3,UEFA Europa League,World,https://media.api-sports.io/football/leagues/3.png,,2023,Group Stage - 2,True,3408,Aris,https://media.api-sports.io/football/teams/3408.png,True,257,Rangers,https://media.api-sports.io/football/teams/257.png,False,2,1,1,0,2,1,,,,
Europa League,1126359,Ə. Ağayev,UTC,2023-10-05T16:45:00+00:00,1696524300,1696524300,1696527900,19931.0,ArcelorMittal Park,Sosnowiec,Match Finished,FT,90,,3,UEFA Europa League,World,https://media.api-sports.io/football/leagues/3.png,,2023,Group Stage - 2,True,3491,Raków Częstochowa,https://media.api-sports.io/football/teams/3491.png,False,637,Sturm Graz,https://media.api-sports.io/football/teams/637.png,True,0,1,0,1,0,1,,,,
Europa League,1126360,M. Krogh,UTC,2023-10-05T19:00:00+00:00,1696532400,1696532400,1696536000,550.0,Anfield,Liverpool,Match Finished,FT,90,,3,UEFA Europa League,World,https://media.api-sports.io/football/leagues/3.png,,2023,Group Stage - 2,True,40,Liverpool,https://media.api-sports.io/football/teams/40.png,True,1393,Union St. Gilloise,https://media.api-sports.io/football/teams/1393.png,False,2,0,1,0,2,0,,,,
Europa League,1126361,N. Walsh,UTC,2023-10-05T19:00:00+00:00,1696532400,1696532400,1696536000,682.0,Stadium de Toulouse,Toulouse,Match Finished,FT,90,,3,UEFA Europa League,World,https://media.api-sports.io/football/leagues/3.png,,2023,Group Stage - 2,True,96,Toulouse,https://media.api-sports.io/football/teams/96.png,True,1026,Lask Linz,https://media.api-sports.io/football/teams/1026.png,False,1,0,1,0,1,0,,,,
Europa League,1126367,A. Papapetrou,UTC,2023-10-05T19:00:00+00:00,1696532400,1696532400,1696536000,1184.0,Aker Stadion,Molde,Match Finished,FT,90,,3,UEFA Europa League,World,https://media.api-sports.io/football/leagues/3.png,,2023,Group Stage - 2,True,329,Molde,https://media.api-sports.io/football/teams/329.png,False,168,Bayer Leverkusen,https://media.api-sports.io/football/teams/168.png,True,1,2,0,2,1,2,,,,
Europa League,1126366,S. Gishamer,UTC,2023-10-05T19:00:00+00:00,1696532400,1696532400,1696536000,1514.0,Nya Ullevi,Göteborg,Match Finished,FT,90,,3,UEFA Europa League,World,https://media.api-sports.io/football/leagues/3.png,,2023,Group Stage - 2,True,367,BK Hacken,https://media.api-sports.io/football/teams/367.png,False,556,Qarabag,https://media.api-sports.io/football/teams/556.png,True,0,1,0,0,0,1,,,,
Europa League,1126364,I. Pajač,UTC,2023-10-05T19:00:00+00:00,1696532400,1696532400,1696536000,910.0,Stadio Olimpico,Roma,Match Finished,FT,90,,3,UEFA Europa League,World,https://media.api-sports.io/football/leagues/3.png,,2023,Group Stage - 2,True,497,AS Roma,https://media.api-sports.io/football/teams/497.png,True,2184,Servette FC,https://media.api-sports.io/football/teams/2184.png,False,4,0,1,0,4,0,,,,
Europa League,1126362,H. Lechner,UTC,2023-10-05T19:00:00+00:00,1696532400,1696532400,1696536000,1498.0,Estadio de la Cerámica,Villarreal,Match Finished,FT,90,,3,UEFA Europa League,World,https://media.api-sports.io/football/leagues/3.png,,2023,Group Stage - 2,True,533,Villarreal,https://media.api-sports.io/football/teams/533.png,True,94,Rennes,https://media.api-sports.io/football/teams/94.png,False,1,0,1,0,1,0,,,,
Europa League,1126365,W. Delajod,UTC,2023-10-05T19:00:00+00:00,1696532400,1696532400,1696536000,18856.0,Fortuna Arena,Praha,Match Finished,FT,90,,3,UEFA Europa League,World,https://media.api-sports.io/football/leagues/3.png,,2023,Group Stage - 2,True,560,Slavia Praha,https://media.api-sports.io/football/teams/560.png,True,568,Sheriff Tiraspol,https://media.api-sports.io/football/teams/568.png,False,6,0,3,0,6,0,,,,
Europa League,1126363,António Nobre,UTC,2023-10-05T19:00:00+00:00,1696532400,1696532400,1696536000,868.0,Sammy Ofer Stadium,Haifa,Match Finished,FT,90,,3,UEFA Europa League,World,https://media.api-sports.io/football/leagues/3.png,,2023,Group Stage - 2,True,4195,Maccabi Haifa,https://media.api-sports.io/football/teams/4195.png,,617,Panathinaikos,https://media.api-sports.io/football/teams/617.png,,0,0,0,0,0,0,,,,
Europa League,1126370,D. Stefanski,UTC,2023-10-26T16:45:00+00:00,1698338700,1698338700,1698342300,667.0,Orange Vélodrome,Marseille,Match Finished,FT,90,,3,UEFA Europa League,World,https://media.api-sports.io/football/leagues/3.png,,2023,Group Stage - 3,True,81,Marseille,https://media.api-sports.io/football/teams/81.png,True,575,AEK Athens FC,https://media.api-sports.io/football/teams/575.png,False,3,1,1,0,3,1,,,,
Europa League,1126375,U. Schnyder,UTC,2023-10-26T16:45:00+00:00,1698338700,1698338700,1698342300,1184.0,Aker Stadion,Molde,Match Finished,FT,90,,3,UEFA Europa League,World,https://media.api-sports.io/football/leagues/3.png,,2023,Group Stage - 3,True,329,Molde,https://media.api-sports.io/football/teams/329.png,True,367,BK Hacken,https://media.api-sports.io/football/teams/367.png,False,5,1,3,1,5,1,,,,
Europa League,1126368,A. Treimanis,UTC,2023-10-26T16:45:00+00:00,1698338700,1698338700,1698342300,,Stadio Georgios Karaiskáki,Piraeus,Match Finished,FT,90,,3,UEFA Europa League,World,https://media.api-sports.io/football/leagues/3.png,,2023,Group Stage - 3,True,553,Olympiakos Piraeus,https://media.api-sports.io/football/teams/553.png,True,48,West Ham,https://media.api-sports.io/football/teams/48.png,False,2,1,2,0,2,1,,,,
Europa League,1126371,S. Stegemann,UTC,2023-10-26T16:45:00+00:00,1698338700,1698338700,1698342300,19513.0,epet ARENA,Praha,Match Finished,FT,90,,3,UEFA Europa League,World,https://media.api-sports.io/football/leagues/3.png,,2023,Group Stage - 3,True,628,Sparta Praha,https://media.api-sports.io/football/teams/628.png,,257,Rangers,https://media.api-sports.io/football/teams/257.png,,0,0,0,0,0,0,,,,
Europa League,1126373,D. Strukan,UTC,2023-10-26T16:45:00+00:00,1698338700,1698338700,1698342300,150.0,Merkur Arena,Graz,Match Finished,FT,90,,3,UEFA Europa League,World,https://media.api-sports.io/football/leagues/3.png,,2023,Group Stage - 3,True,637,Sturm Graz,https://media.api-sports.io/football/teams/637.png,,499,Atalanta,https://media.api-sports.io/football/teams/499.png,,2,2,1,2,2,2,,,,
Europa League,1126369,Ə. Ağayev,UTC,2023-10-26T16:45:00+00:00,1698338700,1698338700,1698342300,18679.0,TSC Arena,Bačka Topola,Match Finished,FT,90,,3,UEFA Europa League,World,https://media.api-sports.io/football/leagues/3.png,,2023,Group Stage - 3,True,2646,TSC Backa Topola,https://media.api-sports.io/football/teams/2646.png,False,160,SC Freiburg,https://media.api-sports.io/football/teams/160.png,True,1,3,1,0,1,3,,,,
Europa League,1126372,F. Glova,UTC,2023-10-26T16:45:00+00:00,1698338700,1698338700,1698342300,19616.0,Alphamega Stadium,Kolossi,Match Finished,FT,90,,3,UEFA Europa League,World,https://media.api-sports.io/football/leagues/3.png,,2023,Group Stage - 3,True,3408,Aris,https://media.api-sports.io/football/teams/3408.png,False,543,Real Betis,https://media.api-sports.io/football/teams/543.png,True,0,1,0,0,0,1,,,,
Europa League,1126374,A. Papapetrou,UTC,2023-10-26T16:45:00+00:00,1698338700,1698338700,1698342300,19931.0,ArcelorMittal Park,Sosnowiec,Match Finished,FT,90,,3,UEFA Europa League,World,https://media.api-sports.io/football/leagues/3.png,,2023,Group Stage - 3,True,3491,Raków Częstochowa,https://media.api-sports.io/football/teams/3491.png,,228,Sporting CP,https://media.api-sports.io/football/teams/228.png,,1,1,0,1,1,1,,,,
Europa League,1126378,R. Obrenović,UTC,2023-10-26T19:00:00+00:00,1698346800,1698346800,1698350400,550.0,Anfield,Liverpool,Match Finished,FT,90,,3,UEFA Europa League,World,https://media.api-sports.io/football/leagues/3.png,,2023,Group Stage - 3,True,40,Liverpool,https://media.api-sports.io/football/teams/40.png,True,96,Toulouse,https://media.api-sports.io/football/teams/96.png,False,5,1,3,1,5,1,,,,
Europa League,1126376,B. Frankowski,UTC,2023-10-26T19:00:00+00:00,1698346800,1698346800,1698350400,,American Express Stadium,"Falmer, East Sussex",Match Finished,FT,90,,3,UEFA Europa League,World,https://media.api-sports.io/football/leagues/3.png,,2023,Group Stage - 3,True,51,Brighton,https://media.api-sports.io/football/teams/51.png,True,194,Ajax,https://media.api-sports.io/football/teams/194.png,False,2,0,1,0,2,0,,,,
Europa League,1126383,H. Feșnic,UTC,2023-10-26T19:00:00+00:00,1698346800,1698346800,1698350400,699.0,BayArena,Leverkusen,Match Finished,FT,90,,3,UEFA Europa League,World,https://media.api-sports.io/football/leagues/3.png,,2023,Group Stage - 3,True,168,Bayer Leverkusen,https://media.api-sports.io/football/teams/168.png,True,556,Qarabag,https://media.api-sports.io/football/teams/556.png,False,5,1,3,1,5,1,,,,
Europa League,1126381,E. Eskås,UTC,2023-10-26T19:00:00+00:00,1698346800,1698346800,1698350400,910.0,Stadio Olimpico,Roma,Match Finished,FT,90,,3,UEFA Europa League,World,https://media.api-sports.io/football/leagues/3.png,,2023,Group Stage - 3,True,497,AS Roma,https://media.api-sports.io/football/teams/497.png,True,560,Slavia Praha,https://media.api-sports.io/football/teams/560.png,False,2,0,2,0,2,0,,,,
Europa League,1126382,J. Brooks,UTC,2023-10-26T19:00:00+00:00,1698346800,1698346800,1698350400,1093.0,Bolshaya Sportivnaya Arena,Tiraspol,Match Finished,FT,90,,3,UEFA Europa League,World,https://media.api-sports.io/football/leagues/3.png,,2023,Group Stage - 3,True,568,Sheriff Tiraspol,https://media.api-sports.io/football/teams/568.png,,2184,Servette FC,https://media.api-sports.io/football/teams/2184.png,,1,1,0,1,1,1,,,,
Europa League,1126380,João Pedro Pinheiro,UTC,2023-10-26T19:00:00+00:00,1698346800,1698346800,1698350400,,Olympiako Stadio Spyros Louis,Athens,Match Finished,FT,90,,3,UEFA Europa League,World,https://media.api-sports.io/football/leagues/3.png,,2023,Group Stage - 3,True,617,Panathinaikos,https://media.api-sports.io/football/teams/617.png,False,94,Rennes,https://media.api-sports.io/football/teams/94.png,True,1,2,0,1,1,2,,,,
Europa League,1126377,A. Karaoğlan,UTC,2023-10-26T19:00:00+00:00,1698346800,1698346800,1698350400,,Lotto Park,Brussel,Match Finished,FT,90,,3,UEFA Europa League,World,https://media.api-sports.io/football/leagues/3.png,,2023,Group Stage - 3,True,1393,Union St. Gilloise,https://media.api-sports.io/football/teams/1393.png,True,1026,Lask Linz,https://media.api-sports.io/football/teams/1026.png,False,2,1,0,1,2,1,,,,
Europa League,1126387,W. Collum,UTC,2023-11-09T17:45:00+00:00,1699551900,1699551900,1699555500,680.0,Roazhon Park,Rennes,Match Finished,FT,90,,3,UEFA Europa League,World,https://media.api-sports.io/football/leagues/3.png,,2023,Group Stage - 4,True,94,Rennes,https://media.api-sports.io/football/teams/94.png,True,617,Panathinaikos,https://media.api-sports.io/football/teams/617.png,False,3,1,1,1,3,1,,,,
Europa League,1126386,G. Kabakov,UTC,2023-11-09T17:45:00+00:00,1699551900,1699551900,1699555500,682.0,Stadium de Toulouse,Toulouse,Match Finished,FT,90,,3,UEFA Europa League,World,https://media.api-sports.io/football/leagues/3.png,,2023,Group Stage - 4,True,96,Toulouse,https://media.api-sports.io/football/teams/96.png,True,40,Liverpool,https://media.api-sports.io/football/teams/40.png,False,3,2,1,0,3,2,,,,
Europa League,1126384,N. Dabanović,UTC,2023-11-09T17:45:00+00:00,1699551900,1699551900,1699555500,1117.0,Johan Cruijff Arena,Amsterdam,Match Finished,FT,90,,3,UEFA Europa League,World,https://media.api-sports.io/football/leagues/3.png,,2023,Group Stage - 4,True,194,Ajax,https://media.api-sports.io/football/teams/194.png,False,51,Brighton,https://media.api-sports.io/football/teams/51.png,True,0,2,0,1,0,2,,,,
Europa League,1126391,C. Pawson,UTC,2023-11-09T17:45:00+00:00,1699551900,1699551900,1699555500,5799.0,Tofiq Bəhramov adına Respublika stadionu,Baku,Match Finished,FT,90,,3,UEFA Europa League,World,https://media.api-sports.io/football/leagues/3.png,,2023,Group Stage - 4,True,556,Qarabag,https://media.api-sports.io/football/teams/556.png,False,168,Bayer Leverkusen,https://media.api-sports.io/football/teams/168.png,True,0,1,0,0,0,1,,,,
Europa League,1126390,F. Letexier,UTC,2023-11-09T17:45:00+00:00,1699551900,1699551900,1699555500,18856.0,Fortuna Arena,Praha,Match Finished,FT,90,,3,UEFA Europa League,World,https://media.api-sports.io/football/leagues/3.png,,2023,Group Stage - 4,True,560,Slavia Praha,https://media.api-sports.io/football/teams/560.png,True,497,AS Roma,https://media.api-sports.io/football/teams/497.png,False,2,0,0,0,2,0,,,,
Europa League,1126385,S. Sozza,UTC,2023-11-09T17:45:00+00:00,1699551900,1699551900,1699555500,,Raiffeisen Arena,Linz,Match Finished,FT,90,,3,UEFA Europa League,World,https://media.api-sports.io/football/leagues/3.png,,2023,Group Stage - 4,True,1026,Lask Linz,https://media.api-sports.io/football/teams/1026.png,True,1393,Union St. Gilloise,https://media.api-sports.io/football/teams/1393.png,False,3,0,2,0,3,0,,,,
Europa League,1126389,M. Lukjančukas,UTC,2023-11-09T17:45:00+00:00,1699551900,1699551900,1699555500,,Stade de Genève,Lancy,Match Finished,FT,90,,3,UEFA Europa League,World,https://media.api-sports.io/football/leagues/3.png,,2023,Group Stage - 4,True,2184,Servette FC,https://media.api-sports.io/football/teams/2184.png,True,568,Sheriff Tiraspol,https://media.api-sports.io/football/teams/568.png,False,2,1,0,1,2,1,,,,
Europa League,1126388,M. Balakin,UTC,2023-11-09T17:45:00+00:00,1699551900,1699551900,1699555500,,AEK Arena - George Karapatakis,Larnaca,Match Finished,FT,90,,3,UEFA Europa League,World,https://media.api-sports.io/football/leagues/3.png,,2023,Group Stage - 4,True,4195,Maccabi Haifa,https://media.api-sports.io/football/teams/4195.png,False,533,Villarreal,https://media.api-sports.io/football/teams/533.png,True,1,2,1,0,1,2,,,,
Europa League,1126393,M. Jug,UTC,2023-11-09T20:00:00+00:00,1699560000,1699560000,1699563600,598.0,London Stadium,London,Match Finished,FT,90,,3,UEFA Europa League,World,https://media.api-sports.io/football/leagues/3.png,,2023,Group Stage - 4,True,48,West Ham,https://media.api-sports.io/football/teams/48.png,True,553,Olympiakos Piraeus,https://media.api-sports.io/football/teams/553.png,False,1,0,0,0,1,0,,,,
Europa League,1126392,R. Saggi,UTC,2023-11-09T20:00:00+00:00,1699560000,1699560000,1699563600,12717.0,Europa-Park Stadion,Freiburg im Breisgau,Match Finished,FT,90,,3,UEFA Europa League,World,https://media.api-sports.io/football/leagues/3.png,,2023,Group Stage - 4,True,160,SC Freiburg,https://media.api-sports.io/football/teams/160.png,True,2646,TSC Backa Topola,https://media.api-sports.io/football/teams/2646.png,False,5,0,1,0,5,0,,,,
Europa League,1126398,E. Jorgji,UTC,2023-11-09T20:00:00+00:00,1699560000,1699560000,1699563600,1293.0,Estádio José Alvalade,Lisboa,Match Finished,FT,90,,3,UEFA Europa League,World,https://media.api-sports.io/football/leagues/3.png,,2023,Group Stage - 4,True,228,Sporting CP,https://media.api-sports.io/football/teams/228.png,True,3491,Raków Częstochowa,https://media.api-sports.io/football/teams/3491.png,False,2,1,1,0,2,1,,,,
Europa League,1126396,D. Massa,UTC,2023-11-09T20:00:00+00:00,1699560000,1699560000,1699563600,1401.0,Ibrox Stadium,Glasgow,Match Finished,FT,90,,3,UEFA Europa League,World,https://media.api-sports.io/football/leagues/3.png,,2023,Group Stage - 4,True,257,Rangers,https://media.api-sports.io/football/teams/257.png,True,628,Sparta Praha,https://media.api-sports.io/football/teams/628.png,False,2,1,2,0,2,1,,,,
Europa League,1126399,D. Robertson,UTC,2023-11-09T20:00:00+00:00,1699560000,1699560000,1699563600,1514.0,Nya Ullevi,Göteborg,Match Finished,FT,90,,3,UEFA Europa League,World,https://media.api-sports.io/football/leagues/3.png,,2023,Group Stage - 4,True,367,BK Hacken,https://media.api-sports.io/football/teams/367.png,False,329,Molde,https://media.api-sports.io/football/teams/329.png,True,1,3,0,2,1,3,,,,
Europa League,1126397,J. Brisard,UTC,2023-11-09T20:00:00+00:00,1699560000,1699560000,1699563600,879.0,Gewiss Stadium,Bergamo,Match Finished,FT,90,,3,UEFA Europa League,World,https://media.api-sports.io/football/leagues/3.png,,2023,Group Stage - 4,True,499,Atalanta,https://media.api-sports.io/football/teams/499.png,True,637,Sturm Graz,https://media.api-sports.io/football/teams/637.png,False,1,0,0,0,1,0,,,,
Europa League,1126395,M. Al Hakim,UTC,2023-11-09T20:00:00+00:00,1699560000,1699560000,1699563600,1489.0,Estadio Benito Villamarín,Sevilla,Match Finished,FT,90,,3,UEFA Europa League,World,https://media.api-sports.io/football/leagues/3.png,,2023,Group Stage - 4,True,543,Real Betis,https://media.api-sports.io/football/teams/543.png,True,3408,Aris,https://media.api-sports.io/football/teams/3408.png,False,4,1,1,0,4,1,,,,
Europa League,1126394,G. Nyberg,UTC,2023-11-09T20:00:00+00:00,1699560000,1699560000,1699563600,,OPAP Arena,Athens,Match Finished,FT,90,,3,UEFA Europa League,World,https://media.api-sports.io/football/leagues/3.png,,2023,Group Stage - 4,True,575,AEK Athens FC,https://media.api-sports.io/football/teams/575.png,False,81,Marseille,https://media.api-sports.io/football/teams/81.png,True,0,2,0,1,0,2,,,,
Europa League,1126400,I. Peljto,UTC,2023-11-30T17:45:00+00:00,1701366300,1701366300,1701369900,12717.0,Europa-Park Stadion,Freiburg im Breisgau,Match Finished,FT,90,,3,UEFA Europa League,World,https://media.api-sports.io/football/leagues/3.png,,2023,Group Stage - 5,True,160,SC Freiburg,https://media.api-sports.io/football/teams/160.png,True,553,Olympiakos Piraeus,https://media.api-sports.io/football/teams/553.png,False,5,0,4,0,5,0,,,,
Europa League,1126404,M. Oliver,UTC,2023-11-30T17:45:00+00:00,1701366300,1701366300,1701369900,879.0,Gewiss Stadium,Bergamo,Match Finished,FT,90,,3,UEFA Europa League,World,https://media.api-sports.io/football/leagues/3.png,,2023,Group Stage - 5,True,499,Atalanta,https://media.api-sports.io/football/teams/499.png,,228,Sporting CP,https://media.api-sports.io/football/teams/228.png,,1,1,1,0,1,1,,,,
Europa League,1126402,S. Schärer,UTC,2023-11-30T17:45:00+00:00,1701366300,1701366300,1701369900,,OPAP Arena,Athens,Match Finished,FT,90,,3,UEFA Europa League,World,https://media.api-sports.io/football/leagues/3.png,,2023,Group Stage - 5,True,575,AEK Athens FC,https://media.api-sports.io/football/teams/575.png,False,51,Brighton,https://media.api-sports.io/football/teams/51.png,True,0,1,0,0,0,1,,,,
Europa League,1126403,N. Dabanović,UTC,2023-11-30T17:45:00+00:00,1701366300,1701366300,1701369900,19513.0,epet ARENA,Praha,Match Finished,FT,90,,3,UEFA Europa League,World,https://media.api-sports.io/football/leagues/3.png,,2023,Group Stage - 5,True,628,Sparta Praha,https://media.api-sports.io/football/teams/628.png,True,543,Real Betis,https://media.api-sports.io/football/teams/543.png,False,1,0,0,0,1,0,,,,
Europa League,1126405,F. Glova,UTC,2023-11-30T17:45:00+00:00,1701366300,1701366300,1701369900,150.0,Merkur Arena,Graz,Match Finished,FT,90,,3,UEFA Europa League,World,https://media.api-sports.io/football/leagues/3.png,,2023,Group Stage - 5,True,637,Sturm Graz,https://media.api-sports.io/football/teams/637.png,False,3491,Raków Częstochowa,https://media.api-sports.io/football/teams/3491.png,True,0,1,0,0,0,1,,,,
Europa League,1126401,A. Lindhout,UTC,2023-11-30T17:45:00+00:00,1701366300,1701366300,1701369900,18679.0,TSC Arena,Bačka Topola,Match Finished,FT,90,,3,UEFA Europa League,World,https://media.api-sports.io/football/leagues/3.png,,2023,Group Stage - 5,True,2646,TSC Backa Topola,https://media.api-sports.io/football/teams/2646.png,False,48,West Ham,https://media.api-sports.io/football/teams/48.png,True,0,1,0,0,0,1,,,,
Europa League,1126406,H. Feșnic,UTC,2023-11-30T17:45:00+00:00,1701366300,1701366300,1701369900,19605.0,Puskás Aréna,Budapest,Match Finished,FT,90,,3,UEFA Europa League,World,https://media.api-sports.io/football/leagues/3.png,,2023,Group Stage - 5,True,4195,Maccabi Haifa,https://media.api-sports.io/football/teams/4195.png,False,94,Rennes,https://media.api-sports.io/football/teams/94.png,True,0,3,0,1,0,3,,,,
Europa League,1126409,U. Schnyder,UTC,2023-11-30T20:00:00+00:00,1701374400,1701374400,1701378000,550.0,Anfield,Liverpool,Match Finished,FT,90,,3,UEFA Europa League,World,https://media.api-sports.io/football/leagues/3.png,,2023,Group Stage - 5,True,40,Liverpool,https://media.api-sports.io/football/teams/40.png,True,1026,Lask Linz,https://media.api-sports.io/football/teams/1026.png,False,4,0,2,0,4,0,,,,
Europa League,1126407,S. Sozza,UTC,2023-11-30T20:00:00+00:00,1701374400,1701374400,1701378000,667.0,Orange Vélodrome,Marseille,Match Finished,FT,90,,3,UEFA Europa League,World,https://media.api-sports.io/football/leagues/3.png,,2023,Group Stage - 5,True,81,Marseille,https://media.api-sports.io/football/teams/81.png,True,194,Ajax,https://media.api-sports.io/football/teams/194.png,False,4,3,2,2,4,3,,,,
Europa League,1126410,M. Jug,UTC,2023-11-30T20:00:00+00:00,1701374400,1701374400,1701378000,682.0,Stadium de Toulouse,Toulouse,Match Finished,FT,90,,3,UEFA Europa League,World,https://media.api-sports.io/football/leagues/3.png,,2023,Group Stage - 5,True,96,Toulouse,https://media.api-sports.io/football/teams/96.png,,1393,Union St. Gilloise,https://media.api-sports.io/football/teams/1393.png,,0,0,0,0,0,0,,,,
Europa League,1126408,R. Saggi,UTC,2023-11-30T20:00:00+00:00,1701374400,1701374400,1701378000,1401.0,Ibrox Stadium,Glasgow,Match Finished,FT,90,,3,UEFA Europa League,World,https://media.api-sports.io/football/leagues/3.png,,2023,Group Stage - 5,True,257,Rangers,https://media.api-sports.io/football/teams/257.png,,3408,Aris,https://media.api-sports.io/football/teams/3408.png,,1,1,0,1,1,1,,,,
Europa League,1126414,E. Lambrechts,UTC,2023-11-30T20:00:00+00:00,1701374400,1701374400,1701378000,1184.0,Aker Stadion,Molde,Match Finished,FT,90,,3,UEFA Europa League,World,https://media.api-sports.io/football/leagues/3.png,,2023,Group Stage - 5,True,329,Molde,https://media.api-sports.io/football/teams/329.png,,556,Qarabag,https://media.api-sports.io/football/teams/556.png,,2,2,0,1,2,2,,,,
Europa League,1126415,J. Weinberger,UTC,2023-11-30T20:00:00+00:00,1701374400,1701374400,1701378000,1514.0,Nya Ullevi,Göteborg,Match Finished,FT,90,,3,UEFA Europa League,World,https://media.api-sports.io/football/leagues/3.png,,2023,Group Stage - 5,True,367,BK Hacken,https://media.api-sports.io/football/teams/367.png,False,168,Bayer Leverkusen,https://media.api-sports.io/football/teams/168.png,True,0,2,0,1,0,2,,,,
Europa League,1126411,I. Kružliak,UTC,2023-11-30T20:00:00+00:00,1701374400,1701374400,1701378000,1498.0,Estadio de la Cerámica,Villarreal,Match Finished,FT,90,,3,UEFA Europa League,World,https://media.api-sports.io/football/leagues/3.png,,2023,Group Stage - 5,True,533,Villarreal,https://media.api-sports.io/football/teams/533.png,True,617,Panathinaikos,https://media.api-sports.io/football/teams/617.png,False,3,2,2,0,3,2,,,,
Europa League,1126413,C. Ciochirca,UTC,2023-11-30T20:00:00+00:00,1701374400,1701374400,1701378000,1093.0,Bolshaya Sportivnaya Arena,Tiraspol,Match Finished,FT,90,,3,UEFA Europa League,World,https://media.api-sports.io/football/leagues/3.png,,2023,Group Stage - 5,True,568,Sheriff Tiraspol,https://media.api-sports.io/football/teams/568.png,False,560,Slavia Praha,https://media.api-sports.io/football/teams/560.png,True,2,3,1,1,2,3,,,,
Europa League,1126412,D. Stefanski,UTC,2023-11-30T20:00:00+00:00,1701374400,1701374400,1701378000,,Stade de Genève,Lancy,Match Finished,FT,90,,3,UEFA Europa League,World,https://media.api-sports.io/football/leagues/3.png,,2023,Group Stage - 5,True,2184,Servette FC,https://media.api-sports.io/football/teams/2184.png,,497,AS Roma,https://media.api-sports.io/football/teams/497.png,,1,1,0,1,1,1,,,,
Europa League,1126379,N. Walsh,UTC,2023-12-06T20:00:00+00:00,1701892800,1701892800,1701896400,1498.0,Estadio de la Cerámica,Villarreal,Match Finished,FT,90,,3,UEFA Europa League,World,https://media.api-sports.io/football/leagues/3.png,,2023,Group Stage - 3,True,533,Villarreal,https://media.api-sports.io/football/teams/533.png,,4195,Maccabi Haifa,https://media.api-sports.io/football/teams/4195.png,,0,0,0,0,0,0,,,,
Europa League,1126418,A. Karaoğlan,UTC,2023-12-14T17:45:00+00:00,1702575900,1702575900,1702579500,680.0,Roazhon Park,Rennes,Match Finished,FT,90,,3,UEFA Europa League,World,https://media.api-sports.io/football/leagues/3.png,,2023,Group Stage - 6,True,94,Rennes,https://media.api-sports.io/football/teams/94.png,False,533,Villarreal,https://media.api-sports.io/football/teams/533.png,True,2,3,1,1,2,3,,,,
Europa League,1126422,R. Jones,UTC,2023-12-14T17:45:00+00:00,1702575900,1702575900,1702579500,699.0,BayArena,Leverkusen,Match Finished,FT,90,,3,UEFA Europa League,World,https://media.api-sports.io/football/leagues/3.png,,2023,Group Stage - 6,True,168,Bayer Leverkusen,https://media.api-sports.io/football/teams/168.png,True,329,Molde,https://media.api-sports.io/football/teams/329.png,False,5,1,3,0,5,1,,,,
Europa League,1126420,J. Brisard,UTC,2023-12-14T17:45:00+00:00,1702575900,1702575900,1702579500,910.0,Stadio Olimpico,Roma,Match Finished,FT,90,,3,UEFA Europa League,World,https://media.api-sports.io/football/leagues/3.png,,2023,Group Stage - 6,True,497,AS Roma,https://media.api-sports.io/football/teams/497.png,True,568,Sheriff Tiraspol,https://media.api-sports.io/football/teams/568.png,False,3,0,2,0,3,0,,,,
Europa League,1126423,J. Xhaja,UTC,2023-12-14T17:45:00+00:00,1702575900,1702575900,1702579500,5799.0,Tofiq Bəhramov adına Respublika stadionu,Baku,Match Finished,FT,90,,3,UEFA Europa League,World,https://media.api-sports.io/football/leagues/3.png,,2023,Group Stage - 6,True,556,Qarabag,https://media.api-sports.io/football/teams/556.png,True,367,BK Hacken,https://media.api-sports.io/football/teams/367.png,False,2,1,2,0,2,1,,,,
Europa League,1126421,N. Walsh,UTC,2023-12-14T17:45:00+00:00,1702575900,1702575900,1702579500,18856.0,Fortuna Arena,Praha,Match Finished,FT,90,,3,UEFA Europa League,World,https://media.api-sports.io/football/leagues/3.png,,2023,Group Stage - 6,True,560,Slavia Praha,https://media.api-sports.io/football/teams/560.png,True,2184,Servette FC,https://media.api-sports.io/football/teams/2184.png,False,4,0,4,0,4,0,,,,
Europa League,1126419,G. Kabakov,UTC,2023-12-14T17:45:00+00:00,1702575900,1702575900,1702579500,,Stadio Apóstolos Nikolaidis,Athens,Match Finished,FT,90,,3,UEFA Europa League,World,https://media.api-sports.io/football/leagues/3.png,,2023,Group Stage - 6,True,617,Panathinaikos,https://media.api-sports.io/football/teams/617.png,False,4195,Maccabi Haifa,https://media.api-sports.io/football/teams/4195.png,True,1,2,0,1,1,2,,,,
Europa League,1126417,F. Maresca,UTC,2023-12-14T17:45:00+00:00,1702575900,1702575900,1702579500,,Raiffeisen Arena,Linz,Match Finished,FT,90,,3,UEFA Europa League,World,https://media.api-sports.io/football/leagues/3.png,,2023,Group Stage - 6,True,1026,Lask Linz,https://media.api-sports.io/football/teams/1026.png,False,96,Toulouse,https://media.api-sports.io/football/teams/96.png,True,1,2,0,0,1,2,,,,
Europa League,1126416,O. Grinfeeld,UTC,2023-12-14T17:45:00+00:00,1702575900,1702575900,1702579500,,Lotto Park,Brussel,Match Finished,FT,90,,3,UEFA Europa League,World,https://media.api-sports.io/football/leagues/3.png,,2023,Group Stage - 6,True,1393,Union St. Gilloise,https://media.api-sports.io/football/teams/1393.png,True,40,Liverpool,https://media.api-sports.io/football/teams/40.png,False,2,1,2,1,2,1,,,,
Europa League,1126424,João Pedro Pinheiro,UTC,2023-12-14T20:00:00+00:00,1702584000,1702584000,1702587600,598.0,London Stadium,London,Match Finished,FT,90,,3,UEFA Europa League,World,https://media.api-sports.io/football/leagues/3.png,,2023,Group Stage - 6,True,48,West Ham,https://media.api-sports.io/football/teams/48.png,True,160,SC Freiburg,https://media.api-sports.io/football/teams/160.png,False,2,0,2,0,2,0,,,,
Europa League,1126427,José Sánchez,UTC,2023-12-14T20:00:00+00:00,1702584000,1702584000,1702587600,,American Express Stadium,"Falmer, East Sussex",Match Finished,FT,90,,3,UEFA Europa League,World,https://media.api-sports.io/football/leagues/3.png,,2023,Group Stage - 6,True,51,Brighton,https://media.api-sports.io/football/teams/51.png,True,81,Marseille,https://media.api-sports.io/football/teams/81.png,False,1,0,0,0,1,0,,,,
Europa League,1126426,C. Pawson,UTC,2023-12-14T20:00:00+00:00,1702584000,1702584000,1702587600,1117.0,Johan Cruijff Arena,Amsterdam,Match Finished,FT,90,,3,UEFA Europa League,World,https://media.api-sports.io/football/leagues/3.png,,2023,Group Stage - 6,True,194,Ajax,https://media.api-sports.io/football/teams/194.png,True,575,AEK Athens FC,https://media.api-sports.io/football/teams/575.png,False,3,1,2,1,3,1,,,,
Europa League,1126430,W. Collum,UTC,2023-12-14T20:00:00+00:00,1702584000,1702584000,1702587600,1293.0,Estádio José Alvalade,Lisboa,Match Finished,FT,90,,3,UEFA Europa League,World,https://media.api-sports.io/football/leagues/3.png,,2023,Group Stage - 6,True,228,Sporting CP,https://media.api-sports.io/football/teams/228.png,True,637,Sturm Graz,https://media.api-sports.io/football/teams/637.png,False,3,0,1,0,3,0,,,,
Europa League,1126428,S. Jovanović,UTC,2023-12-14T20:00:00+00:00,1702584000,1702584000,1702587600,1489.0,Estadio Benito Villamarín,Sevilla,Match Finished,FT,90,,3,UEFA Europa League,World,https://media.api-sports.io/football/leagues/3.png,,2023,Group Stage - 6,True,543,Real Betis,https://media.api-sports.io/football/teams/543.png,False,257,Rangers,https://media.api-sports.io/football/teams/257.png,True,2,3,2,2,2,3,,,,
Europa League,1126425,M. Krogh,UTC,2023-12-14T20:00:00+00:00,1702584000,1702584000,1702587600,,Stadio Georgios Karaiskáki,Piraeus,Match Finished,FT,90,,3,UEFA Europa League,World,https://media.api-sports.io/football/leagues/3.png,,2023,Group Stage - 6,True,553,Olympiakos Piraeus,https://media.api-sports.io/football/teams/553.png,True,2646,TSC Backa Topola,https://media.api-sports.io/football/teams/2646.png,False,5,2,3,0,5,2,,,,
Europa League,1126429,H. Osmers,UTC,2023-12-14T20:00:00+00:00,1702584000,1702584000,1702587600,19616.0,Alphamega Stadium,Kolossi,Match Finished,FT,90,,3,UEFA Europa League,World,https://media.api-sports.io/football/leagues/3.png,,2023,Group Stage - 6,True,3408,Aris,https://media.api-sports.io/football/teams/3408.png,False,628,Sparta Praha,https://media.api-sports.io/football/teams/628.png,True,1,3,0,3,1,3,,,,
Europa League,1126431,E. Jorgji,UTC,2023-12-14T20:00:00+00:00,1702584000,1702584000,1702587600,19931.0,ArcelorMittal Park,Sosnowiec,Match Finished,FT,90,,3,UEFA Europa League,World,https://media.api-sports.io/football/leagues/3.png,,2023,Group Stage - 6,True,3491,Raków Częstochowa,https://media.api-sports.io/football/teams/3491.png,False,499,Atalanta,https://media.api-sports.io/football/teams/499.png,True,0,4,0,2,0,4,,,,
Europa League,1149542,R. Petrescu,UTC,2024-02-15T17:45:00+00:00,1708019100,1708019100,1708022700,1128.0,Stadion Feijenoord,Rotterdam,Match Finished,FT,90,,3,UEFA Europa League,World,https://media.api-sports.io/football/leagues/3.png,,2023,Knockout Round Play-offs,True,209,Feyenoord,https://media.api-sports.io/football/teams/209.png,,497,AS Roma,https://media.api-sports.io/football/teams/497.png,,1,1,1,0,1,1,,,,
Europa League,1149548,E. Lambrechts,UTC,2024-02-15T17:45:00+00:00,1708019100,1708019100,1708022700,720.0,Volksparkstadion,Hamburg,Match Finished,FT,90,,3,UEFA Europa League,World,https://media.api-sports.io/football/leagues/3.png,,2023,Knockout Round Play-offs,True,550,Shakhtar Donetsk,https://media.api-sports.io/football/teams/550.png,,81,Marseille,https://media.api-sports.io/football/teams/81.png,,2,2,0,0,2,2,,,,
Europa League,1149544,B. Bastien,UTC,2024-02-15T17:45:00+00:00,1708019100,1708019100,1708022700,10500.0,Stadion Wankdorf,Bern,Match Finished,FT,90,,3,UEFA Europa League,World,https://media.api-sports.io/football/leagues/3.png,,2023,Knockout Round Play-offs,True,565,BSC Young Boys,https://media.api-sports.io/football/teams/565.png,False,228,Sporting CP,https://media.api-sports.io/football/teams/228.png,True,1,3,1,2,1,3,,,,
Europa League,1149546,Alejandro Hernández,UTC,2024-02-15T17:45:00+00:00,1708019100,1708019100,1708022700,,RAMS Park,İstanbul,Match Finished,FT,90,,3,UEFA Europa League,World,https://media.api-sports.io/football/leagues/3.png,,2023,Knockout Round Play-offs,True,645,Galatasaray,https://media.api-sports.io/football/teams/645.png,True,628,Sparta Praha,https://media.api-sports.io/football/teams/628.png,False,3,2,1,0,3,2,,,,
Europa League,1149552,B. Frankowski,UTC,2024-02-15T20:00:00+00:00,1708027200,1708027200,1708030800,654.0,Stade Bollaert-Delelis,Lens,Match Finished,FT,90,,3,UEFA Europa League,World,https://media.api-sports.io/football/leagues/3.png,,2023,Knockout Round Play-offs,True,116,Lens,https://media.api-sports.io/football/teams/116.png,,160,SC Freiburg,https://media.api-sports.io/football/teams/160.png,,0,0,0,0,0,0,,,,
Europa League,1149554,D. Rumšas,UTC,2024-02-15T20:00:00+00:00,1708027200,1708027200,1708030800,,Estádio do Sport Lisboa e Benfica,Lisboa,Match Finished,FT,90,,3,UEFA Europa League,World,https://media.api-sports.io/football/leagues/3.png,,2023,Knockout Round Play-offs,True,211,Benfica,https://media.api-sports.io/football/teams/211.png,True,96,Toulouse,https://media.api-sports.io/football/teams/96.png,False,2,1,0,0,2,1,,,,
Europa League,1149556,M. Krogh,UTC,2024-02-15T20:00:00+00:00,1708027200,1708027200,1708030800,1291.0,Estádio Municipal de Braga,Braga,Match Finished,FT,90,,3,UEFA Europa League,World,https://media.api-sports.io/football/leagues/3.png,,2023,Knockout Round Play-offs,True,217,SC Braga,https://media.api-sports.io/football/teams/217.png,False,556,Qarabag,https://media.api-sports.io/football/teams/556.png,True,2,4,1,1,2,4,,,,
Europa League,1149550,N. Dabanović,UTC,2024-02-15T20:00:00+00:00,1708027200,1708027200,1708030800,907.0,Stadio Giuseppe Meazza,Milano,Match Finished,FT,90,,3,UEFA Europa League,World,https://media.api-sports.io/football/leagues/3.png,,2023,Knockout Round Play-offs,True,489,AC Milan,https://media.api-sports.io/football/teams/489.png,True,94,Rennes,https://media.api-sports.io/football/teams/94.png,False,3,0,1,0,3,0,,,,
Europa League,1149551,João Pedro Pinheiro,UTC,2024-02-22T17:45:00+00:00,1708623900,1708623900,1708627500,680.0,Roazhon Park,Rennes,Match Finished,FT,90,,3,UEFA Europa League,World,https://media.api-sports.io/football/leagues/3.png,,2023,Knockout Round Play-offs,True,94,Rennes,https://media.api-sports.io/football/teams/94.png,True,489,AC Milan,https://media.api-sports.io/football/teams/489.png,False,3,2,1,1,3,2,,,,
Europa League,1149555,M. Mariani,UTC,2024-02-22T17:45:00+00:00,1708623900,1708623900,1708627500,682.0,Stadium de Toulouse,Toulouse,Match Finished,FT,90,,3,UEFA Europa League,World,https://media.api-sports.io/football/leagues/3.png,,2023,Knockout Round Play-offs,True,96,Toulouse,https://media.api-sports.io/football/teams/96.png,,211,Benfica,https://media.api-sports.io/football/teams/211.png,,0,0,0,0,0,0,,,,
Europa League,1149553,R. Obrenović,UTC,2024-02-22T17:45:00+00:00,1708623900,1708623900,1708627500,12717.0,Europa-Park Stadion,Freiburg im Breisgau,Match Finished,AET,120,,3,UEFA Europa League,World,https://media.api-sports.io/football/leagues/3.png,,2023,Knockout Round Play-offs,True,160,SC Freiburg,https://media.api-sports.io/football/teams/160.png,True,116,Lens,https://media.api-sports.io/football/teams/116.png,False,3,2,0,2,2,2,1.0,0.0,,
Europa League,1149557,G. Kabakov,UTC,2024-02-22T17:45:00+00:00,1708623900,1708623900,1708627500,5799.0,Tofiq Bəhramov adına Respublika stadionu,Baku,Match Finished,AET,120,,3,UEFA Europa League,World,https://media.api-sports.io/football/leagues/3.png,,2023,Knockout Round Play-offs,True,556,Qarabag,https://media.api-sports.io/football/teams/556.png,False,217,SC Braga,https://media.api-sports.io/football/teams/217.png,True,2,3,0,0,0,2,2.0,1.0,,
Europa League,1149549,T. Stieler,UTC,2024-02-22T20:00:00+00:00,1708632000,1708632000,1708635600,667.0,Orange Vélodrome,Marseille,Match Finished,FT,90,,3,UEFA Europa League,World,https://media.api-sports.io/football/leagues/3.png,,2023,Knockout Round Play-offs,True,81,Marseille,https://media.api-sports.io/football/teams/81.png,True,550,Shakhtar Donetsk,https://media.api-sports.io/football/teams/550.png,False,3,1,1,1,3,1,,,,
Europa League,1149545,I. Kružliak,UTC,2024-02-22T20:00:00+00:00,1708632000,1708632000,1708635600,1293.0,Estádio José Alvalade,Lisboa,Match Finished,FT,90,,3,UEFA Europa League,World,https://media.api-sports.io/football/leagues/3.png,,2023,Knockout Round Play-offs,True,228,Sporting CP,https://media.api-sports.io/football/teams/228.png,,565,BSC Young Boys,https://media.api-sports.io/football/teams/565.png,,1,1,1,0,1,1,,,,
Europa League,1149543,Jesús Gil,UTC,2024-02-22T20:00:00+00:00,1708632000,1708632000,1708635600,910.0,Stadio Olimpico,Roma,Match Finished,PEN,120,,3,UEFA Europa League,World,https://media.api-sports.io/football/leagues/3.png,,2023,Knockout Round Play-offs,True,497,AS Roma,https://media.api-sports.io/football/teams/497.png,True,209,Feyenoord,https://media.api-sports.io/football/teams/209.png,False,1,1,1,1,1,1,0.0,0.0,4.0,2.0
Europa League,1149547,A. Taylor,UTC,2024-02-22T20:00:00+00:00,1708632000,1708632000,1708635600,19513.0,epet ARENA,Praha,Match Finished,FT,90,,3,UEFA Europa League,World,https://media.api-sports.io/football/leagues/3.png,,2023,Knockout Round Play-offs,True,628,Sparta Praha,https://media.api-sports.io/football/teams/628.png,True,645,Galatasaray,https://media.api-sports.io/football/teams/645.png,False,4,1,1,1,4,1,,,,
Europa League,1175845,D. Siebert,UTC,2024-03-06T17:45:00+00:00,1709747100,1709747100,1709750700,1293.0,Estádio José Alvalade,Lisboa,Match Finished,FT,90,,3,UEFA Europa League,World,https://media.api-sports.io/football/leagues/3.png,,2023,Round of 16,True,228,Sporting CP,https://media.api-sports.io/football/teams/228.png,,499,Atalanta,https://media.api-sports.io/football/teams/499.png,,1,1,1,1,1,1,,,,
Europa League,1175849,F. Letexier,UTC,2024-03-07T17:45:00+00:00,1709833500,1709833500,1709837100,910.0,Stadio Olimpico,Roma,Match Finished,FT,90,,3,UEFA Europa League,World,https://media.api-sports.io/football/leagues/3.png,,2023,Round of 16,True,497,AS Roma,https://media.api-sports.io/football/teams/497.png,True,51,Brighton,https://media.api-sports.io/football/teams/51.png,False,4,0,2,0,4,0,,,,
Europa League,1175851,B. Bastien,UTC,2024-03-07T17:45:00+00:00,1709833500,1709833500,1709837100,5799.0,Tofiq Bəhramov adına Respublika stadionu,Baku,Match Finished,FT,90,,3,UEFA Europa League,World,https://media.api-sports.io/football/leagues/3.png,,2023,Round of 16,True,556,Qarabag,https://media.api-sports.io/football/teams/556.png,,168,Bayer Leverkusen,https://media.api-sports.io/football/teams/168.png,,2,2,2,0,2,2,,,,
Europa League,1175847,José Sánchez,UTC,2024-03-07T17:45:00+00:00,1709833500,1709833500,1709837100,19513.0,epet ARENA,Praha,Match Finished,FT,90,,3,UEFA Europa League,World,https://media.api-sports.io/football/leagues/3.png,,2023,Round of 16,True,628,Sparta Praha,https://media.api-sports.io/football/teams/628.png,False,40,Liverpool,https://media.api-sports.io/football/teams/40.png,True,1,5,0,3,1,5,,,,
Europa League,1175853,S. Gözübüyük,UTC,2024-03-07T20:00:00+00:00,1709841600,1709841600,1709845200,667.0,Orange Vélodrome,Marseille,Match Finished,FT,90,,3,UEFA Europa League,World,https://media.api-sports.io/football/leagues/3.png,,2023,Round of 16,True,81,Marseille,https://media.api-sports.io/football/teams/81.png,True,533,Villarreal,https://media.api-sports.io/football/teams/533.png,False,4,0,3,0,4,0,,,,
Europa League,1175857,Alejandro Hernández,UTC,2024-03-07T20:00:00+00:00,1709841600,1709841600,1709845200,12717.0,Europa-Park Stadion,Freiburg im Breisgau,Match Finished,FT,90,,3,UEFA Europa League,World,https://media.api-sports.io/football/leagues/3.png,,2023,Round of 16,True,160,SC Freiburg,https://media.api-sports.io/football/teams/160.png,True,48,West Ham,https://media.api-sports.io/football/teams/48.png,False,1,0,0,0,1,0,,,,
Europa League,1175855,T. Stieler,UTC,2024-03-07T20:00:00+00:00,1709841600,1709841600,1709845200,,Estádio do Sport Lisboa e Benfica,Lisboa,Match Finished,FT,90,,3,UEFA Europa League,World,https://media.api-sports.io/football/leagues/3.png,,2023,Round of 16,True,211,Benfica,https://media.api-sports.io/football/teams/211.png,,257,Rangers,https://media.api-sports.io/football/teams/257.png,,2,2,1,2,2,2,,,,
Europa League,1175859,H. Meler,UTC,2024-03-07T20:00:00+00:00,1709841600,1709841600,1709845200,907.0,Stadio Giuseppe Meazza,Milano,Match Finished,FT,90,,3,UEFA Europa League,World,https://media.api-sports.io/football/leagues/3.png,,2023,Round of 16,True,489,AC Milan,https://media.api-sports.io/football/teams/489.png,True,560,Slavia Praha,https://media.api-sports.io/football/teams/560.png,False,4,2,3,1,4,2,,,,
Europa League,1175858,M. Guida,UTC,2024-03-14T17:45:00+00:00,1710438300,1710438300,1710441900,598.0,London Stadium,London,Match Finished,FT,90,,3,UEFA Europa League,World,https://media.api-sports.io/football/leagues/3.png,,2023,Round of 16,True,48,West Ham,https://media.api-sports.io/football/teams/48.png,True,160,SC Freiburg,https://media.api-sports.io/football/teams/160.png,False,5,0,2,0,5,0,,,,
Europa League,1175856,I. Kružliak,UTC,2024-03-14T17:45:00+00:00,1710438300,1710438300,1710441900,1401.0,Ibrox Stadium,Glasgow,Match Finished,FT,90,,3,UEFA Europa League,World,https://media.api-sports.io/football/leagues/3.png,,2023,Round of 16,True,257,Rangers,https://media.api-sports.io/football/teams/257.png,False,211,Benfica,https://media.api-sports.io/football/teams/211.png,True,0,1,0,0,0,1,,,,
Europa League,1175854,I. Kovacs,UTC,2024-03-14T17:45:00+00:00,1710438300,1710438300,1710441900,1498.0,Estadio de la Cerámica,Villarreal,Match Finished,FT,90,,3,UEFA Europa League,World,https://media.api-sports.io/football/leagues/3.png,,2023,Round of 16,True,533,Villarreal,https://media.api-sports.io/football/teams/533.png,True,81,Marseille,https://media.api-sports.io/football/teams/81.png,False,3,1,1,0,3,1,,,,
Europa League,1175860,G. Nyberg,UTC,2024-03-14T17:45:00+00:00,1710438300,1710438300,1710441900,18856.0,Fortuna Arena,Praha,Match Finished,FT,90,,3,UEFA Europa League,World,https://media.api-sports.io/football/leagues/3.png,,2023,Round of 16,True,560,Slavia Praha,https://media.api-sports.io/football/teams/560.png,False,489,AC Milan,https://media.api-sports.io/football/teams/489.png,True,1,3,0,3,1,3,,,,
Europa League,1175848,Artur Soares Dias,UTC,2024-03-14T20:00:00+00:00,1710446400,1710446400,1710450000,550.0,Anfield,Liverpool,Match Finished,FT,90,,3,UEFA Europa League,World,https://media.api-sports.io/football/leagues/3.png,,2023,Round of 16,True,40,Liverpool,https://media.api-sports.io/football/teams/40.png,True,628,Sparta Praha,https://media.api-sports.io/football/teams/628.png,False,6,1,4,1,6,1,,,,
Europa League,1175850,F. Zwayer,UTC,2024-03-14T20:00:00+00:00,1710446400,1710446400,1710450000,,American Express Stadium,"Falmer, East Sussex",Match Finished,FT,90,,3,UEFA Europa League,World,https://media.api-sports.io/football/leagues/3.png,,2023,Round of 16,True,51,Brighton,https://media.api-sports.io/football/teams/51.png,True,497,AS Roma,https://media.api-sports.io/football/teams/497.png,False,1,0,1,0,1,0,,,,
Europa League,1175852,A. Taylor,UTC,2024-03-14T20:00:00+00:00,1710446400,1710446400,1710450000,699.0,BayArena,Leverkusen,Match Finished,FT,90,,3,UEFA Europa League,World,https://media.api-sports.io/football/leagues/3.png,,2023,Round of 16,True,168,Bayer Leverkusen,https://media.api-sports.io/football/teams/168.png,True,556,Qarabag,https://media.api-sports.io/football/teams/556.png,False,3,2,0,0,3,2,,,,
Europa League,1175846,S. Schärer,UTC,2024-03-14T20:00:00+00:00,1710446400,1710446400,1710450000,879.0,Gewiss Stadium,Bergamo,Match Finished,FT,90,,3,UEFA Europa League,World,https://media.api-sports.io/football/leagues/3.png,,2023,Round of 16,True,499,Atalanta,https://media.api-sports.io/football/teams/499.png,True,228,Sporting CP,https://media.api-sports.io/football/teams/228.png,False,2,1,0,1,2,1,,,,
Europa League,1184826,H. Meler,UTC,2024-04-11T19:00:00+00:00,1712862000,1712862000,1712865600,550.0,Anfield,Liverpool,Match Finished,FT,90,,3,UEFA Europa League,World,https://media.api-sports.io/football/leagues/3.png,,2023,Quarter-finals,True,40,Liverpool,https://media.api-sports.io/football/teams/40.png,False,499,Atalanta,https://media.api-sports.io/football/teams/499.png,True,0,3,0,1,0,3,,,,
Europa League,1184828,Artur Soares Dias,UTC,2024-04-11T19:00:00+00:00,1712862000,1712862000,1712865600,699.0,BayArena,Leverkusen,Match Finished,FT,90,,3,UEFA Europa League,World,https://media.api-sports.io/football/leagues/3.png,,2023,Quarter-finals,True,168,Bayer Leverkusen,https://media.api-sports.io/football/teams/168.png,True,48,West Ham,https://media.api-sports.io/football/teams/48.png,False,2,0,0,0,2,0,,,,
Europa League,1184830,M. Oliver,UTC,2024-04-11T19:00:00+00:00,1712862000,1712862000,1712865600,,Estádio do Sport Lisboa e Benfica,Lisboa,Match Finished,FT,90,,3,UEFA Europa League,World,https://media.api-sports.io/football/leagues/3.png,,2023,Quarter-finals,True,211,Benfica,https://media.api-sports.io/football/teams/211.png,True,81,Marseille,https://media.api-sports.io/football/teams/81.png,False,2,1,1,0,2,1,,,,
Europa League,1184824,C. Turpin,UTC,2024-04-11T19:00:00+00:00,1712862000,1712862000,1712865600,907.0,Stadio Giuseppe Meazza,Milano,Match Finished,FT,90,,3,UEFA Europa League,World,https://media.api-sports.io/football/leagues/3.png,,2023,Quarter-finals,True,489,AC Milan,https://media.api-sports.io/football/teams/489.png,False,497,AS Roma,https://media.api-sports.io/football/teams/497.png,True,0,1,0,1,0,1,,,,
Europa League,1184829,José Sánchez,UTC,2024-04-18T19:00:00+00:00,1713466800,1713466800,1713470400,598.0,London Stadium,London,Match Finished,FT,90,,3,UEFA Europa League,World,https://media.api-sports.io/football/leagues/3.png,,2023,Quarter-finals,True,48,West Ham,https://media.api-sports.io/football/teams/48.png,,168,Bayer Leverkusen,https://media.api-sports.io/football/teams/168.png,,1,1,1,0,1,1,,,,
Europa League,1184831,F. Zwayer,UTC,2024-04-18T19:00:00+00:00,1713466800,1713466800,1713470400,667.0,Orange Vélodrome,Marseille,Match Finished,PEN,120,,3,UEFA Europa League,World,https://media.api-sports.io/football/leagues/3.png,,2023,Quarter-finals,True,81,Marseille,https://media.api-sports.io/football/teams/81.png,True,211,Benfica,https://media.api-sports.io/football/teams/211.png,False,1,0,0,0,1,0,0.0,0.0,4.0,2.0
Europa League,1184825,S. Marciniak,UTC,2024-04-18T19:00:00+00:00,1713466800,1713466800,1713470400,910.0,Stadio Olimpico,Roma,Match Finished,FT,90,,3,UEFA Europa League,World,https://media.api-sports.io/football/leagues/3.png,,2023,Quarter-finals,True,497,AS Roma,https://media.api-sports.io/football/teams/497.png,True,489,AC Milan,https://media.api-sports.io/football/teams/489.png,False,2,1,2,0,2,1,,,,
Europa League,1184827,F. Letexier,UTC,2024-04-18T19:00:00+00:00,1713466800,1713466800,1713470400,879.0,Gewiss Stadium,Bergamo,Match Finished,FT,90,,3,UEFA Europa League,World,https://media.api-sports.io/football/leagues/3.png,,2023,Quarter-finals,True,499,Atalanta,https://media.api-sports.io/football/teams/499.png,False,40,Liverpool,https://media.api-sports.io/football/teams/40.png,True,0,1,0,1,0,1,,,,
Europa League,1196783,D. Siebert,UTC,2024-05-02T19:00:00+00:00,1714676400,1714676400,1714680000,667.0,Orange Vélodrome,Marseille,Match Finished,FT,90,,3,UEFA Europa League,World,https://media.api-sports.io/football/leagues/3.png,,2023,Semi-finals,True,81,Marseille,https://media.api-sports.io/football/teams/81.png,,499,Atalanta,https://media.api-sports.io/football/teams/499.png,,1,1,1,1,1,1,,,,
Europa League,1196785,F. Letexier,UTC,2024-05-02T19:00:00+00:00,1714676400,1714676400,1714680000,910.0,Stadio Olimpico,Roma,Match Finished,FT,90,,3,UEFA Europa League,World,https://media.api-sports.io/football/leagues/3.png,,2023,Semi-finals,True,497,AS Roma,https://media.api-sports.io/football/teams/497.png,False,168,Bayer Leverkusen,https://media.api-sports.io/football/teams/168.png,True,0,2,0,1,0,2,,,,
Europa League,1196786,D. Makkelie,UTC,2024-05-09T19:00:00+00:00,1715281200,1715281200,1715284800,699.0,BayArena,Leverkusen,Match Finished,FT,90,,3,UEFA Europa League,World,https://media.api-sports.io/football/leagues/3.png,,2023,Semi-finals,True,168,Bayer Leverkusen,https://media.api-sports.io/football/teams/168.png,,497,AS Roma,https://media.api-sports.io/football/teams/497.png,,2,2,0,1,2,2,,,,
Europa League,1196784,Jesús Gil,UTC,2024-05-09T19:00:00+00:00,1715281200,1715281200,1715284800,879.0,Gewiss Stadium,Bergamo,Match Finished,FT,90,,3,UEFA Europa League,World,https://media.api-sports.io/football/leagues/3.png,,2023,Semi-finals,True,499,Atalanta,https://media.api-sports.io/football/teams/499.png,True,81,Marseille,https://media.api-sports.io/football/teams/81.png,False,3,0,1,0,3,0,,,,
Europa League,1199589,I. Kovács,UTC,2024-05-22T19:00:00+00:00,1716404400,1716404400,1716408000,1970.0,Aviva Stadium,Dublin,Match Finished,FT,90,,3,UEFA Europa League,World,https://media.api-sports.io/football/leagues/3.png,,2023,Final,True,499,Atalanta,https://media.api-sports.io/football/teams/499.png,True,168,Bayer Leverkusen,https://media.api-sports.io/football/teams/168.png,False,3,0,2,0,3,0,,,,
